L,o,w
H,i,g,h
H,i,g,h
H,i,g,h
H,i,g,h
L,o,w
H,i,g,h
H,i,g,h
H,i,g,h
H,i,g,h
H,i,g,h
H,i,g,h
H,i,g,h
H,i,g,h
H,i,g,h
H,i,g,h
A,v,e,r,a,g,e
L,o,w
H,i,g,h
H,i,g,h
L,o,w
H,i,g,h
A,v,e,r,a,g,e
H,i,g,h
H,i,g,h
H,i,g,h
A,v,e,r,a,g,e
A,v,e,r,a,g,e
A,v,e,r,a,g,e
H,i,g,h
A,v,e,r,a,g,e
L,o,w
H,i,g,h
L,o,w
A,v,e,r,a,g,e
A,v,e,r,a,g,e
H,i,g,h
A,v,e,r,a,g,e
A,v,e,r,a,g,e
H,i,g,h
A,v,e,r,a,g,e
L,o,w
H,i,g,h
L,o,w
H,i,g,h
L,o,w
L,o,w
L,o,w
L,o,w
L,o,w
L,o,w
L,o,w
L,o,w
L,o,w
L,o,w
L,o,w
L,o,w
L,o,w
L,o,w
L,o,w
L,o,w
L,o,w
L,o,w
L,o,w
L,o,w
L,o,w
L,o,w
L,o,w
L,o,w
L,o,w
L,o,w
L,o,w
L,o,w
L,o,w
L,o,w
L,o,w
L,o,w
L,o,w
A,v,e,r,a,g,e
A,v,e,r,a,g,e
A,v,e,r,a,g,e
A,v,e,r,a,g,e
A,v,e,r,a,g,e
A,v,e,r,a,g,e
A,v,e,r,a,g,e
A,v,e,r,a,g,e
A,v,e,r,a,g,e
A,v,e,r,a,g,e
A,v,e,r,a,g,e
A,v,e,r,a,g,e
A,v,e,r,a,g,e
A,v,e,r,a,g,e
A,v,e,r,a,g,e
A,v,e,r,a,g,e
A,v,e,r,a,g,e
A,v,e,r,a,g,e
A,v,e,r,a,g,e
A,v,e,r,a,g,e
A,v,e,r,a,g,e
A,v,e,r,a,g,e
A,v,e,r,a,g,e
A,v,e,r,a,g,e
A,v,e,r,a,g,e
A,v,e,r,a,g,e
A,v,e,r,a,g,e
A,v,e,r,a,g,e
A,v,e,r,a,g,e
A,v,e,r,a,g,e
A,v,e,r,a,g,e
A,v,e,r,a,g,e
A,v,e,r,a,g,e
A,v,e,r,a,g,e
A,v,e,r,a,g,e
A,v,e,r,a,g,e
A,v,e,r,a,g,e
H,i,g,h
H,i,g,h
H,i,g,h
H,i,g,h
H,i,g,h
H,i,g,h
H,i,g,h
H,i,g,h
H,i,g,h
H,i,g,h
H,i,g,h
H,i,g,h
H,i,g,h
H,i,g,h
H,i,g,h
H,i,g,h
H,i,g,h
H,i,g,h
H,i,g,h
H,i,g,h
H,i,g,h
H,i,g,h
H,i,g,h
H,i,g,h
H,i,g,h
H,i,g,h
H,i,g,h
H,i,g,h
H,i,g,h
H,i,g,h
H,i,g,h
H,i,g,h
H,i,g,h
H,i,g,h
H,i,g,h
H,i,g,h
H,i,g,h
H,i,g,h
H,i,g,h
H,i,g,h
H,i,g,h
H,i,g,h
H,i,g,h
H,i,g,h
H,i,g,h
H,i,g,h
H,i,g,h
H,i,g,h
H,i,g,h
H,i,g,h
H,i,g,h
H,i,g,h
H,i,g,h
H,i,g,h
H,i,g,h
H,i,g,h
H,i,g,h
H,i,g,h
H,i,g,h
H,i,g,h
H,i,g,h
H,i,g,h
H,i,g,h
H,i,g,h
H,i,g,h
H,i,g,h
H,i,g,h
H,i,g,h
H,i,g,h
H,i,g,h
H,i,g,h
H,i,g,h
H,i,g,h
H,i,g,h
H,i,g,h
H,i,g,h
H,i,g,h
H,i,g,h
H,i,g,h
H,i,g,h
H,i,g,h
H,i,g,h
H,i,g,h
H,i,g,h
H,i,g,h
H,i,g,h
H,i,g,h
H,i,g,h
H,i,g,h
H,i,g,h
H,i,g,h
H,i,g,h
H,i,g,h
H,i,g,h
H,i,g,h
H,i,g,h
H,i,g,h
H,i,g,h
H,i,g,h
H,i,g,h
H,i,g,h
H,i,g,h
H,i,g,h
H,i,g,h
H,i,g,h
H,i,g,h
H,i,g,h
H,i,g,h
H,i,g,h
H,i,g,h
H,i,g,h
H,i,g,h
H,i,g,h
H,i,g,h
H,i,g,h
H,i,g,h
H,i,g,h
H,i,g,h
A,v,e,r,a,g,e
A,v,e,r,a,g,e
A,v,e,r,a,g,e
A,v,e,r,a,g,e
A,v,e,r,a,g,e
A,v,e,r,a,g,e
A,v,e,r,a,g,e
A,v,e,r,a,g,e
A,v,e,r,a,g,e
A,v,e,r,a,g,e
A,v,e,r,a,g,e
A,v,e,r,a,g,e
A,v,e,r,a,g,e
A,v,e,r,a,g,e
A,v,e,r,a,g,e
A,v,e,r,a,g,e
A,v,e,r,a,g,e
A,v,e,r,a,g,e
A,v,e,r,a,g,e
A,v,e,r,a,g,e
A,v,e,r,a,g,e
A,v,e,r,a,g,e
A,v,e,r,a,g,e
A,v,e,r,a,g,e
A,v,e,r,a,g,e
A,v,e,r,a,g,e
A,v,e,r,a,g,e
A,v,e,r,a,g,e
A,v,e,r,a,g,e
A,v,e,r,a,g,e
A,v,e,r,a,g,e
A,v,e,r,a,g,e
A,v,e,r,a,g,e
A,v,e,r,a,g,e
A,v,e,r,a,g,e
A,v,e,r,a,g,e
A,v,e,r,a,g,e
A,v,e,r,a,g,e
A,v,e,r,a,g,e
A,v,e,r,a,g,e
A,v,e,r,a,g,e
A,v,e,r,a,g,e
A,v,e,r,a,g,e
A,v,e,r,a,g,e
A,v,e,r,a,g,e
A,v,e,r,a,g,e
A,v,e,r,a,g,e
A,v,e,r,a,g,e
A,v,e,r,a,g,e
A,v,e,r,a,g,e
A,v,e,r,a,g,e
A,v,e,r,a,g,e
A,v,e,r,a,g,e
A,v,e,r,a,g,e
A,v,e,r,a,g,e
A,v,e,r,a,g,e
A,v,e,r,a,g,e
A,v,e,r,a,g,e
A,v,e,r,a,g,e
A,v,e,r,a,g,e
A,v,e,r,a,g,e
A,v,e,r,a,g,e
A,v,e,r,a,g,e
A,v,e,r,a,g,e
A,v,e,r,a,g,e
A,v,e,r,a,g,e
A,v,e,r,a,g,e
A,v,e,r,a,g,e
A,v,e,r,a,g,e
A,v,e,r,a,g,e
A,v,e,r,a,g,e
A,v,e,r,a,g,e
A,v,e,r,a,g,e
A,v,e,r,a,g,e
A,v,e,r,a,g,e
A,v,e,r,a,g,e
A,v,e,r,a,g,e
A,v,e,r,a,g,e
A,v,e,r,a,g,e
A,v,e,r,a,g,e
A,v,e,r,a,g,e
A,v,e,r,a,g,e
A,v,e,r,a,g,e
A,v,e,r,a,g,e
A,v,e,r,a,g,e
A,v,e,r,a,g,e
A,v,e,r,a,g,e
A,v,e,r,a,g,e
A,v,e,r,a,g,e
A,v,e,r,a,g,e
A,v,e,r,a,g,e
H,i,g,h
H,i,g,h
H,i,g,h
H,i,g,h
H,i,g,h
H,i,g,h
H,i,g,h
H,i,g,h
H,i,g,h
H,i,g,h
H,i,g,h
H,i,g,h
H,i,g,h
H,i,g,h
H,i,g,h
H,i,g,h
H,i,g,h
H,i,g,h
H,i,g,h
H,i,g,h
H,i,g,h
H,i,g,h
H,i,g,h
H,i,g,h
H,i,g,h
H,i,g,h
H,i,g,h
H,i,g,h
H,i,g,h
H,i,g,h
H,i,g,h
H,i,g,h
H,i,g,h
H,i,g,h
H,i,g,h
H,i,g,h
H,i,g,h
H,i,g,h
H,i,g,h
H,i,g,h
H,i,g,h
H,i,g,h
H,i,g,h
H,i,g,h
H,i,g,h
H,i,g,h
H,i,g,h
H,i,g,h
H,i,g,h
H,i,g,h
H,i,g,h
H,i,g,h
H,i,g,h
H,i,g,h
H,i,g,h
H,i,g,h
H,i,g,h
H,i,g,h
H,i,g,h
H,i,g,h
H,i,g,h
H,i,g,h
H,i,g,h
H,i,g,h
H,i,g,h
H,i,g,h
H,i,g,h
H,i,g,h
H,i,g,h
H,i,g,h
H,i,g,h
H,i,g,h
H,i,g,h
H,i,g,h
H,i,g,h
H,i,g,h
H,i,g,h
H,i,g,h
H,i,g,h
H,i,g,h
H,i,g,h
H,i,g,h
H,i,g,h
H,i,g,h
H,i,g,h
L,o,w
A,v,e,r,a,g,e
L,o,w
L,o,w
L,o,w
H,i,g,h
H,i,g,h
H,i,g,h
H,i,g,h
A,v,e,r,a,g,e
H,i,g,h
L,o,w
H,i,g,h
L,o,w
H,i,g,h
L,o,w
H,i,g,h
L,o,w
A,v,e,r,a,g,e
L,o,w
H,i,g,h
H,i,g,h
H,i,g,h
H,i,g,h
A,v,e,r,a,g,e
A,v,e,r,a,g,e
H,i,g,h
L,o,w
H,i,g,h
L,o,w
L,o,w
L,o,w
H,i,g,h
A,v,e,r,a,g,e
L,o,w
L,o,w
A,v,e,r,a,g,e
H,i,g,h
L,o,w
L,o,w
L,o,w
L,o,w
H,i,g,h
L,o,w
L,o,w
L,o,w
L,o,w
L,o,w
L,o,w
L,o,w
L,o,w
H,i,g,h
L,o,w
A,v,e,r,a,g,e
L,o,w
L,o,w
L,o,w
A,v,e,r,a,g,e
H,i,g,h
A,v,e,r,a,g,e
L,o,w
L,o,w
H,i,g,h
H,i,g,h
A,v,e,r,a,g,e
L,o,w
L,o,w
L,o,w
L,o,w
H,i,g,h
L,o,w
L,o,w
L,o,w
H,i,g,h
H,i,g,h
L,o,w
A,v,e,r,a,g,e
L,o,w
H,i,g,h
H,i,g,h
H,i,g,h
H,i,g,h
L,o,w
L,o,w
L,o,w
H,i,g,h
H,i,g,h
L,o,w
A,v,e,r,a,g,e
H,i,g,h
H,i,g,h
H,i,g,h
L,o,w
L,o,w
H,i,g,h
L,o,w
H,i,g,h
L,o,w
H,i,g,h
L,o,w
L,o,w
H,i,g,h
L,o,w
H,i,g,h
H,i,g,h
A,v,e,r,a,g,e
H,i,g,h
H,i,g,h
L,o,w
L,o,w
H,i,g,h
H,i,g,h
A,v,e,r,a,g,e
H,i,g,h
H,i,g,h
L,o,w
H,i,g,h
L,o,w
A,v,e,r,a,g,e
L,o,w
H,i,g,h
A,v,e,r,a,g,e
A,v,e,r,a,g,e
H,i,g,h
H,i,g,h
H,i,g,h
H,i,g,h
H,i,g,h
L,o,w
H,i,g,h
H,i,g,h
H,i,g,h
H,i,g,h
A,v,e,r,a,g,e
A,v,e,r,a,g,e
A,v,e,r,a,g,e
A,v,e,r,a,g,e
A,v,e,r,a,g,e
L,o,w
H,i,g,h
H,i,g,h
H,i,g,h
L,o,w
L,o,w
L,o,w
L,o,w
L,o,w
L,o,w
A,v,e,r,a,g,e
A,v,e,r,a,g,e
A,v,e,r,a,g,e
L,o,w
H,i,g,h
L,o,w
H,i,g,h
H,i,g,h
L,o,w
H,i,g,h
L,o,w
L,o,w
L,o,w
H,i,g,h
H,i,g,h
A,v,e,r,a,g,e
L,o,w
L,o,w
L,o,w
H,i,g,h
A,v,e,r,a,g,e
H,i,g,h
H,i,g,h
H,i,g,h
H,i,g,h
H,i,g,h
H,i,g,h
A,v,e,r,a,g,e
L,o,w
L,o,w
A,v,e,r,a,g,e
H,i,g,h
L,o,w
L,o,w
H,i,g,h
A,v,e,r,a,g,e
H,i,g,h
H,i,g,h
H,i,g,h
A,v,e,r,a,g,e
L,o,w
H,i,g,h
L,o,w
A,v,e,r,a,g,e
L,o,w
A,v,e,r,a,g,e
H,i,g,h
A,v,e,r,a,g,e
A,v,e,r,a,g,e
A,v,e,r,a,g,e
L,o,w
H,i,g,h
L,o,w
A,v,e,r,a,g,e
A,v,e,r,a,g,e
A,v,e,r,a,g,e
L,o,w
H,i,g,h
H,i,g,h
L,o,w
H,i,g,h
H,i,g,h
L,o,w
L,o,w
H,i,g,h
L,o,w
H,i,g,h
L,o,w
A,v,e,r,a,g,e
H,i,g,h
H,i,g,h
L,o,w
H,i,g,h
A,v,e,r,a,g,e
H,i,g,h
A,v,e,r,a,g,e
L,o,w
A,v,e,r,a,g,e
A,v,e,r,a,g,e
H,i,g,h
A,v,e,r,a,g,e
A,v,e,r,a,g,e
L,o,w
A,v,e,r,a,g,e
H,i,g,h
L,o,w
H,i,g,h
H,i,g,h
L,o,w
A,v,e,r,a,g,e
A,v,e,r,a,g,e
L,o,w
L,o,w
H,i,g,h
A,v,e,r,a,g,e
A,v,e,r,a,g,e
H,i,g,h
L,o,w
A,v,e,r,a,g,e
A,v,e,r,a,g,e
H,i,g,h
H,i,g,h
H,i,g,h
L,o,w
A,v,e,r,a,g,e
H,i,g,h
L,o,w
H,i,g,h
H,i,g,h
H,i,g,h
H,i,g,h
A,v,e,r,a,g,e
H,i,g,h
L,o,w
L,o,w
H,i,g,h
L,o,w
H,i,g,h
L,o,w
H,i,g,h
A,v,e,r,a,g,e
H,i,g,h
L,o,w
A,v,e,r,a,g,e
L,o,w
H,i,g,h
H,i,g,h
H,i,g,h
A,v,e,r,a,g,e
A,v,e,r,a,g,e
A,v,e,r,a,g,e
L,o,w
L,o,w
L,o,w
H,i,g,h
L,o,w
L,o,w
H,i,g,h
H,i,g,h
H,i,g,h
A,v,e,r,a,g,e
H,i,g,h
A,v,e,r,a,g,e
H,i,g,h
H,i,g,h
H,i,g,h
L,o,w
L,o,w
H,i,g,h
A,v,e,r,a,g,e
L,o,w
H,i,g,h
H,i,g,h
A,v,e,r,a,g,e
H,i,g,h
H,i,g,h
H,i,g,h
L,o,w
L,o,w
H,i,g,h
A,v,e,r,a,g,e
L,o,w
H,i,g,h
L,o,w
H,i,g,h
H,i,g,h
L,o,w
L,o,w
A,v,e,r,a,g,e
L,o,w
A,v,e,r,a,g,e
A,v,e,r,a,g,e
H,i,g,h
L,o,w
H,i,g,h
A,v,e,r,a,g,e
H,i,g,h
H,i,g,h
L,o,w
H,i,g,h
H,i,g,h
H,i,g,h
H,i,g,h
A,v,e,r,a,g,e
L,o,w
H,i,g,h
L,o,w
A,v,e,r,a,g,e
L,o,w
H,i,g,h
H,i,g,h
H,i,g,h
L,o,w
H,i,g,h
L,o,w
A,v,e,r,a,g,e
H,i,g,h
H,i,g,h
H,i,g,h
A,v,e,r,a,g,e
H,i,g,h
H,i,g,h
A,v,e,r,a,g,e
A,v,e,r,a,g,e
L,o,w
H,i,g,h
A,v,e,r,a,g,e
A,v,e,r,a,g,e
H,i,g,h
H,i,g,h
H,i,g,h
A,v,e,r,a,g,e
A,v,e,r,a,g,e
L,o,w
A,v,e,r,a,g,e
H,i,g,h
L,o,w
L,o,w
L,o,w
L,o,w
L,o,w
H,i,g,h
H,i,g,h
L,o,w
L,o,w
L,o,w
H,i,g,h
H,i,g,h
H,i,g,h
L,o,w
A,v,e,r,a,g,e
A,v,e,r,a,g,e
A,v,e,r,a,g,e
L,o,w
L,o,w
L,o,w
L,o,w
H,i,g,h
H,i,g,h
H,i,g,h
H,i,g,h
H,i,g,h
H,i,g,h
H,i,g,h
H,i,g,h
A,v,e,r,a,g,e
H,i,g,h
H,i,g,h
L,o,w
H,i,g,h
H,i,g,h
L,o,w
L,o,w
H,i,g,h
H,i,g,h
L,o,w
L,o,w
A,v,e,r,a,g,e
A,v,e,r,a,g,e
L,o,w
H,i,g,h
L,o,w
H,i,g,h
H,i,g,h
A,v,e,r,a,g,e
H,i,g,h
H,i,g,h
L,o,w
L,o,w
A,v,e,r,a,g,e
L,o,w
L,o,w
H,i,g,h
H,i,g,h
H,i,g,h
A,v,e,r,a,g,e
H,i,g,h
L,o,w
L,o,w
L,o,w
H,i,g,h
A,v,e,r,a,g,e
L,o,w
H,i,g,h
L,o,w
H,i,g,h
L,o,w
H,i,g,h
A,v,e,r,a,g,e
L,o,w
L,o,w
L,o,w
L,o,w
H,i,g,h
L,o,w
H,i,g,h
H,i,g,h
H,i,g,h
H,i,g,h
L,o,w
L,o,w
H,i,g,h
H,i,g,h
A,v,e,r,a,g,e
L,o,w
H,i,g,h
H,i,g,h
H,i,g,h
A,v,e,r,a,g,e
A,v,e,r,a,g,e
H,i,g,h
L,o,w
H,i,g,h
H,i,g,h
H,i,g,h
H,i,g,h
H,i,g,h
A,v,e,r,a,g,e
A,v,e,r,a,g,e
L,o,w
L,o,w
A,v,e,r,a,g,e
H,i,g,h
H,i,g,h
H,i,g,h
L,o,w
L,o,w
L,o,w
H,i,g,h
L,o,w
A,v,e,r,a,g,e
L,o,w
A,v,e,r,a,g,e
A,v,e,r,a,g,e
A,v,e,r,a,g,e
H,i,g,h
A,v,e,r,a,g,e
A,v,e,r,a,g,e
L,o,w
L,o,w
A,v,e,r,a,g,e
A,v,e,r,a,g,e
H,i,g,h
A,v,e,r,a,g,e
A,v,e,r,a,g,e
L,o,w
L,o,w
H,i,g,h
H,i,g,h
A,v,e,r,a,g,e
A,v,e,r,a,g,e
L,o,w
H,i,g,h
L,o,w
H,i,g,h
H,i,g,h
H,i,g,h
H,i,g,h
H,i,g,h
A,v,e,r,a,g,e
H,i,g,h
H,i,g,h
H,i,g,h
A,v,e,r,a,g,e
H,i,g,h
       H,i,g,h
H,i,g,h
A,v,e,r,a,g,e
A,v,e,r,a,g,e
H,i,g,h
A,v,e,r,a,g,e
L,o,w
H,i,g,h
L,o,w
H,i,g,h
L,o,w
H,i,g,h
H,i,g,h
L,o,w
H,i,g,h
L,o,w
H,i,g,h
L,o,w
L,o,w
H,i,g,h
H,i,g,h
H,i,g,h
A,v,e,r,a,g,e
A,v,e,r,a,g,e
L,o,w
H,i,g,h
H,i,g,h
H,i,g,h
H,i,g,h
H,i,g,h
H,i,g,h
H,i,g,h
L,o,w
L,o,w
H,i,g,h
L,o,w
L,o,w
H,i,g,h
H,i,g,h
H,i,g,h
H,i,g,h
A,v,e,r,a,g,e
H,i,g,h
H,i,g,h
A,v,e,r,a,g,e
A,v,e,r,a,g,e
A,v,e,r,a,g,e
A,v,e,r,a,g,e
H,i,g,h
H,i,g,h
A,v,e,r,a,g,e
A,v,e,r,a,g,e
A,v,e,r,a,g,e
A,v,e,r,a,g,e
L,o,w
L,o,w
L,o,w
H,i,g,h
L,o,w
L,o,w
H,i,g,h
L,o,w
H,i,g,h
L,o,w
H,i,g,h
H,i,g,h
L,o,w
A,v,e,r,a,g,e
L,o,w
L,o,w
L,o,w
L,o,w
L,o,w
